datum;rok;tyden;1. cislo z 1. osudi;2. cislo z 1. osudi;3. cislo z 1. osudi;4. cislo z 1. osudi;5. cislo z 1. osudi;1. cislo z 2. osudi;2. cislo z 2. osudi;
6. 10. 2026;2026;41;50;12;28;7;19;1;6
2. 10. 2026;2026;40;6;4;17;7;45;7;12
29. 9. 2026;2026;40;21;43;48;36;30;1;5
25. 9. 2026;2026;39;2;29;7;10;30;10;5
22. 9. 2026;2026;39;33;46;23;47;17;4;5
18. 9. 2026;2026;38;25;33;30;4;32;4;5
15. 9. 2026;2026;38;42;6;27;10;5;1;8
11. 9. 2026;2026;37;21;35;14;37;49;1;12
8. 9. 2026;2026;37;47;14;27;34;36;4;3
4. 9. 2026;2026;36;14;43;33;5;31;4;3
1. 9. 2026;2026;36;9;35;50;14;43;3;7
28. 8. 2026;2026;35;45;34;39;23;49;1;4
25. 8. 2026;2026;35;7;4;50;48;5;5;4
21. 8. 2026;2026;34;45;25;35;50;46;8;4
18. 8. 2026;2026;34;34;15;42;22;24;4;7
14. 8. 2026;2026;33;28;26;5;30;40;6;3
11. 8. 2026;2026;33;30;11;16;4;12;9;8
7. 8. 2026;2026;32;1;13;3;23;6;5;7
4. 8. 2026;2026;32;17;30;43;3;35;12;1
31. 7. 2026;2026;31;20;40;4;10;41;4;6
28. 7. 2026;2026;31;41;25;40;45;11;1;5
24. 7. 2026;2026;30;4;8;6;17;22;10;7
21. 7. 2026;2026;30;10;37;4;8;17;5;7
17. 7. 2026;2026;29;47;48;6;21;31;2;9
14. 7. 2026;2026;29;34;6;36;17;5;3;11
10. 7. 2026;2026;28;42;25;45;28;13;5;12
7. 7. 2026;2026;28;6;16;41;46;24;3;2
3. 7. 2026;2026;27;25;9;20;28;4;3;1
30. 6. 2026;2026;27;12;34;44;50;19;8;3
26. 6. 2026;2026;26;39;25;17;35;41;5;9
23. 6. 2026;2026;26;50;48;24;27;43;4;12
19. 6. 2026;2026;25;37;45;42;27;16;12;5
16. 6. 2026;2026;25;37;26;29;9;42;1;7
12. 6. 2026;2026;24;2;28;18;4;14;9;11
9. 6. 2026;2026;24;1;39;22;48;14;8;11
5. 6. 2026;2026;23;50;47;21;23;44;1;7
2. 6. 2026;2026;23;36;46;40;2;38;8;7
29. 5. 2026;2026;22;20;3;21;49;42;5;6
26. 5. 2026;2026;22;42;11;33;23;5;12;10
22. 5. 2026;2026;21;46;5;35;34;42;5;3
19. 5. 2026;2026;21;47;39;10;36;37;5;6
15. 5. 2026;2026;20;1;36;33;37;32;7;12
12. 5. 2026;2026;20;28;15;35;7;19;11;3
8. 5. 2026;2026;19;3;41;18;17;31;6;12
5. 5. 2026;2026;19;33;1;43;30;34;5;10
1. 5. 2026;2026;18;27;11;13;10;16;5;7
28. 4. 2026;2026;18;43;41;19;20;46;5;7
24. 4. 2026;2026;17;29;44;6;21;39;1;5
21. 4. 2026;2026;17;32;47;39;36;31;7;8
17. 4. 2026;2026;16;44;16;43;31;35;2;9
14. 4. 2026;2026;16;13;46;32;22;47;6;7
10. 4. 2026;2026;15;48;1;11;18;6;12;10
7. 4. 2026;2026;15;27;23;2;16;4;5;8
3. 4. 2026;2026;14;22;9;10;18;37;1;11
31. 3. 2026;2026;14;15;5;18;35;20;7;8
27. 3. 2026;2026;13;38;23;40;25;21;11;7
24. 3. 2026;2026;13;48;15;9;23;43;5;3
20. 3. 2026;2026;12;2;25;21;17;30;2;6
17. 3. 2026;2026;12;13;17;12;37;16;4;11
13. 3. 2026;2026;11;37;7;23;47;44;2;6
10. 3. 2026;2026;11;3;18;28;2;17;10;4
6. 3. 2026;2026;10;47;8;26;17;31;1;6
3. 3. 2026;2026;10;1;49;14;35;9;2;10
27. 2. 2026;2026;09;47;19;28;17;7;2;7
24. 2. 2026;2026;09;48;26;38;4;5;9;2
20. 2. 2026;2026;08;23;17;40;36;11;6;5
17. 2. 2026;2026;08;23;40;39;8;44;7;6
13. 2. 2026;2026;07;1;45;44;21;46;2;7
10. 2. 2026;2026;07;19;39;12;47;34;4;5
6. 2. 2026;2026;06;38;41;8;48;14;11;1
3. 2. 2026;2026;06;27;37;3;20;44;2;1
30. 1. 2026;2026;05;17;13;37;8;15;3;7
27. 1. 2026;2026;05;29;18;32;19;13;9;8
23. 1. 2026;2026;04;39;36;18;45;50;6;9
20. 1. 2026;2026;04;32;26;45;37;16;2;3
16. 1. 2026;2026;03;39;37;48;16;8;11;5
13. 1. 2026;2026;03;2;16;47;33;27;6;12
9. 1. 2026;2026;02;19;1;17;25;41;6;12
6. 1. 2026;2026;02;33;21;23;38;30;12;8
2. 1. 2026;2026;01;10;29;34;15;38;2;9
30. 12. 2025;2026;01;20;23;18;27;10;1;6
26. 12. 2025;2025;52;15;21;26;42;29;12;4
23. 12. 2025;2025;52;29;40;35;41;24;7;6
19. 12. 2025;2025;51;35;45;9;8;15;2;5
16. 12. 2025;2025;51;28;22;30;12;31;11;4
12. 12. 2025;2025;50;50;37;25;27;2;11;2
9. 12. 2025;2025;50;2;32;33;37;30;9;2
5. 12. 2025;2025;49;24;18;1;4;22;10;6
2. 12. 2025;2025;49;34;14;30;40;35;6;4
28. 11. 2025;2025;48;16;50;35;12;46;5;3
25. 11. 2025;2025;48;46;35;23;30;1;8;4
21. 11. 2025;2025;47;30;50;15;45;24;6;5
18. 11. 2025;2025;47;49;27;19;25;41;3;9
14. 11. 2025;2025;46;30;3;37;5;20;12;6
11. 11. 2025;2025;46;25;50;24;41;8;8;9
7. 11. 2025;2025;45;40;19;22;13;35;2;8
4. 11. 2025;2025;45;39;21;33;22;3;1;9
31. 10. 2025;2025;44;47;5;41;11;40;1;5
28. 10. 2025;2025;44;50;3;22;4;45;12;9
24. 10. 2025;2025;43;27;13;43;42;12;4;3
21. 10. 2025;2025;43;46;21;40;6;30;3;4
17. 10. 2025;2025;42;21;46;35;34;18;2;3
14. 10. 2025;2025;42;50;8;12;13;49;2;4
10. 10. 2025;2025;41;31;24;4;5;41;12;3
7. 10. 2025;2025;41;10;42;22;38;48;2;9
3. 10. 2025;2025;40;21;27;1;2;7;8;12
30. 9. 2025;2025;40;24;11;27;8;13;7;3
26. 9. 2025;2025;39;48;35;26;12;24;1;2
23. 9. 2025;2025;39;18;31;32;7;33;10;11
19. 9. 2025;2025;38;37;46;40;9;41;1;12
16. 9. 2025;2025;38;39;37;8;9;14;1;9
12. 9. 2025;2025;37;7;24;45;33;22;4;12
9. 9. 2025;2025;37;24;14;50;18;27;8;9
5. 9. 2025;2025;36;14;6;29;25;46;7;11
2. 9. 2025;2025;36;12;38;1;5;47;8;7
29. 8. 2025;2025;35;23;5;19;3;48;5;1
26. 8. 2025;2025;35;21;35;8;26;14;8;4
22. 8. 2025;2025;34;22;14;3;16;34;10;7
19. 8. 2025;2025;34;47;33;11;3;4;9;6
15. 8. 2025;2025;33;11;33;43;20;5;12;6
12. 8. 2025;2025;33;16;11;37;42;29;1;11
8. 8. 2025;2025;32;23;16;7;42;41;1;4
5. 8. 2025;2025;32;1;18;34;21;22;6;1
1. 8. 2025;2025;31;4;12;33;20;11;5;3
29. 7. 2025;2025;31;43;49;20;21;38;11;6
25. 7. 2025;2025;30;7;13;29;36;8;4;8
22. 7. 2025;2025;30;46;48;20;42;5;8;7
18. 7. 2025;2025;29;39;25;21;12;10;4;2
15. 7. 2025;2025;29;33;45;37;13;28;6;11
11. 7. 2025;2025;28;13;46;43;12;6;6;11
8. 7. 2025;2025;28;43;21;29;27;34;6;10
4. 7. 2025;2025;27;41;14;23;34;44;10;5
1. 7. 2025;2025;27;14;1;9;10;12;8;6
27. 6. 2025;2025;26;26;4;14;50;29;12;3
24. 6. 2025;2025;26;20;31;44;35;40;3;4
20. 6. 2025;2025;25;12;37;46;18;6;9;7
17. 6. 2025;2025;25;10;35;13;15;33;12;7
13. 6. 2025;2025;24;46;15;27;1;18;9;5
10. 6. 2025;2025;24;20;1;17;42;28;12;2
6. 6. 2025;2025;23;11;23;39;7;8;5;11
3. 6. 2025;2025;23;8;26;30;6;19;1;12
30. 5. 2025;2025;22;26;43;5;4;29;9;5
27. 5. 2025;2025;22;41;9;25;6;17;4;10
23. 5. 2025;2025;21;17;40;33;19;11;12;7
20. 5. 2025;2025;21;28;19;20;21;8;10;7
16. 5. 2025;2025;20;8;6;15;27;39;12;6
13. 5. 2025;2025;20;34;16;33;19;14;5;12
9. 5. 2025;2025;19;1;5;36;27;43;9;5
6. 5. 2025;2025;19;49;46;21;22;1;10;9
2. 5. 2025;2025;18;33;22;3;35;15;1;7
29. 4. 2025;2025;18;34;21;30;27;17;8;11
25. 4. 2025;2025;17;40;14;13;45;43;8;5
22. 4. 2025;2025;17;23;38;16;10;29;5;3
18. 4. 2025;2025;16;12;8;7;29;44;3;12
15. 4. 2025;2025;16;8;13;35;11;33;1;10
11. 4. 2025;2025;15;49;28;26;27;2;1;10
8. 4. 2025;2025;15;47;40;39;41;17;5;8
4. 4. 2025;2025;14;19;38;29;37;23;8;2
1. 4. 2025;2025;14;39;41;17;50;12;9;12
28. 3. 2025;2025;13;19;2;34;15;49;2;6
25. 3. 2025;2025;13;35;50;30;11;3;5;4
21. 3. 2025;2025;12;8;12;14;16;9;6;12
18. 3. 2025;2025;12;50;47;14;7;1;3;7
14. 3. 2025;2025;11;6;13;37;45;28;10;5
11. 3. 2025;2025;11;22;23;18;44;15;11;1
7. 3. 2025;2025;10;12;42;32;11;7;4;1
4. 3. 2025;2025;10;48;4;35;12;37;4;10
28. 2. 2025;2025;09;21;3;20;4;13;8;12
25. 2. 2025;2025;09;31;28;42;38;48;10;3
21. 2. 2025;2025;08;29;35;36;26;18;12;11
18. 2. 2025;2025;08;44;1;19;14;9;2;3
14. 2. 2025;2025;07;45;18;14;12;50;10;2
11. 2. 2025;2025;07;47;12;3;22;28;1;12
7. 2. 2025;2025;06;27;33;15;45;17;9;5
4. 2. 2025;2025;06;41;21;10;18;42;9;3
31. 1. 2025;2025;05;47;32;1;23;42;11;4
28. 1. 2025;2025;05;43;7;28;46;2;12;5
24. 1. 2025;2025;04;46;16;2;9;47;9;3
21. 1. 2025;2025;04;3;17;40;22;28;9;4
17. 1. 2025;2025;03;31;18;9;7;14;7;8
14. 1. 2025;2025;03;30;20;11;17;10;2;6
10. 1. 2025;2025;02;38;17;42;48;34;2;11
7. 1. 2025;2025;02;16;44;20;1;23;9;5
3. 1. 2025;2025;01;27;21;20;29;1;10;8
31. 12. 2024;2025;01;26;34;49;2;21;7;12
27. 12. 2024;2024;52;27;9;37;1;25;6;8
24. 12. 2024;2024;52;36;15;39;28;9;6;7
20. 12. 2024;2024;51;3;10;32;1;44;8;1
17. 12. 2024;2024;51;14;35;42;18;11;4;11
13. 12. 2024;2024;50;19;42;4;35;1;1;3
10. 12. 2024;2024;50;23;17;43;30;41;11;4
6. 12. 2024;2024;49;14;45;50;47;8;2;12
3. 12. 2024;2024;49;20;24;37;7;23;10;4
29. 11. 2024;2024;48;24;40;25;19;10;5;9
26. 11. 2024;2024;48;37;20;32;21;28;1;5
22. 11. 2024;2024;47;30;10;41;6;34;7;10
19. 11. 2024;2024;47;4;26;19;27;7;5;4
15. 11. 2024;2024;46;46;35;31;50;27;3;10
12. 11. 2024;2024;46;2;49;38;3;34;10;11
8. 11. 2024;2024;45;23;38;6;42;45;12;9
5. 11. 2024;2024;45;29;43;36;22;38;6;1
1. 11. 2024;2024;44;21;13;41;28;27;1;3
29. 10. 2024;2024;44;49;26;30;17;3;1;10
25. 10. 2024;2024;43;42;2;36;50;19;9;4
22. 10. 2024;2024;43;47;36;4;38;32;9;3
18. 10. 2024;2024;42;2;40;4;30;23;4;10
15. 10. 2024;2024;42;45;38;44;20;9;12;4
11. 10. 2024;2024;41;44;11;8;23;45;10;12
8. 10. 2024;2024;41;13;29;42;44;48;8;2
4. 10. 2024;2024;40;16;27;4;34;44;7;4
1. 10. 2024;2024;40;17;42;45;50;37;6;7
27. 9. 2024;2024;39;41;29;15;6;25;1;3
24. 9. 2024;2024;39;43;3;34;41;13;5;1
20. 9. 2024;2024;38;17;19;39;9;26;4;10
17. 9. 2024;2024;38;44;13;1;3;24;11;12
13. 9. 2024;2024;37;44;40;3;2;17;8;4
10. 9. 2024;2024;37;31;10;7;46;41;1;5
6. 9. 2024;2024;36;27;7;42;11;45;10;3
3. 9. 2024;2024;36;17;5;36;37;23;9;5
30. 8. 2024;2024;35;8;48;11;25;31;12;11
27. 8. 2024;2024;35;15;24;39;33;29;9;2
23. 8. 2024;2024;34;26;13;21;48;22;2;7
20. 8. 2024;2024;34;31;28;29;33;25;6;12
16. 8. 2024;2024;33;50;16;46;11;4;1;3
13. 8. 2024;2024;33;50;33;6;34;9;7;1
9. 8. 2024;2024;32;15;35;29;25;18;5;1
6. 8. 2024;2024;32;9;22;35;32;4;9;10
2. 8. 2024;2024;31;20;26;30;31;14;2;1
30. 7. 2024;2024;31;49;2;16;31;30;5;2
26. 7. 2024;2024;30;46;7;26;22;11;11;5
23. 7. 2024;2024;30;24;21;9;38;13;6;12
19. 7. 2024;2024;29;26;13;32;18;22;10;11
16. 7. 2024;2024;29;43;8;36;27;22;5;8
12. 7. 2024;2024;28;30;2;32;34;14;3;4
9. 7. 2024;2024;28;25;44;5;26;14;8;10
5. 7. 2024;2024;27;25;32;4;11;16;11;1
2. 7. 2024;2024;27;30;40;10;32;29;12;6
28. 6. 2024;2024;26;1;8;45;43;30;12;10
25. 6. 2024;2024;26;45;8;31;14;25;3;12
21. 6. 2024;2024;25;2;22;24;40;30;6;5
18. 6. 2024;2024;25;24;4;10;45;23;8;7
14. 6. 2024;2024;24;10;46;42;21;27;2;6
11. 6. 2024;2024;24;16;31;29;12;4;1;9
7. 6. 2024;2024;23;37;45;29;8;15;10;5
4. 6. 2024;2024;23;24;1;3;43;49;4;2
31. 5. 2024;2024;22;45;23;34;39;4;7;6
28. 5. 2024;2024;22;27;13;46;35;26;3;4
24. 5. 2024;2024;21;4;45;21;3;2;12;6
21. 5. 2024;2024;21;31;33;38;23;7;10;11
17. 5. 2024;2024;20;29;48;2;36;1;11;1
14. 5. 2024;2024;20;19;27;22;24;23;1;6
10. 5. 2024;2024;19;45;28;39;31;49;11;8
7. 5. 2024;2024;19;11;35;32;33;3;3;11
3. 5. 2024;2024;18;9;45;40;36;17;5;7
30. 4. 2024;2024;18;20;33;45;37;4;9;8
26. 4. 2024;2024;17;47;29;18;3;23;5;12
23. 4. 2024;2024;17;35;6;2;3;15;1;3
19. 4. 2024;2024;16;21;14;8;36;34;2;1
16. 4. 2024;2024;16;48;36;37;35;41;12;1
12. 4. 2024;2024;15;1;39;49;34;47;1;12
9. 4. 2024;2024;15;27;7;43;21;1;1;3
5. 4. 2024;2024;14;16;30;5;37;8;10;1
2. 4. 2024;2024;14;45;14;32;29;17;2;1
29. 3. 2024;2024;13;7;39;11;31;30;5;10
26. 3. 2024;2024;13;17;15;30;12;32;1;6
22. 3. 2024;2024;12;37;50;17;5;36;7;3
19. 3. 2024;2024;12;1;32;49;20;28;3;10
15. 3. 2024;2024;11;16;49;30;25;20;3;10
12. 3. 2024;2024;11;8;2;11;16;20;10;4
8. 3. 2024;2024;10;2;49;11;23;17;12;4
5. 3. 2024;2024;10;30;40;2;31;20;12;8
1. 3. 2024;2024;09;41;26;30;34;13;7;3
27. 2. 2024;2024;09;38;17;30;49;15;11;1
23. 2. 2024;2024;08;22;19;41;10;37;2;6
20. 2. 2024;2024;08;15;1;30;3;11;4;10
16. 2. 2024;2024;07;17;18;11;7;34;5;3
13. 2. 2024;2024;07;20;45;48;7;22;10;12
9. 2. 2024;2024;06;4;20;11;10;22;10;7
6. 2. 2024;2024;06;20;26;44;19;16;1;4
2. 2. 2024;2024;05;17;30;21;13;39;11;8
30. 1. 2024;2024;05;46;15;12;48;10;11;9
26. 1. 2024;2024;04;35;37;23;18;41;6;7
23. 1. 2024;2024;04;32;18;9;20;39;8;5
19. 1. 2024;2024;03;33;10;12;18;47;7;10
16. 1. 2024;2024;03;19;32;6;42;39;9;4
12. 1. 2024;2024;02;31;3;43;34;45;9;6
9. 1. 2024;2024;02;47;41;9;26;12;10;7
5. 1. 2024;2024;01;32;45;11;30;47;10;3
2. 1. 2024;2024;01;48;19;26;49;36;11;10
29. 12. 2023;2023;52;21;48;40;2;34;6;2
26. 12. 2023;2023;52;27;16;13;22;4;10;1
22. 12. 2023;2023;51;6;4;12;38;31;2;12
19. 12. 2023;2023;51;17;45;31;6;4;6;12
15. 12. 2023;2023;50;17;7;15;18;39;10;1
12. 12. 2023;2023;50;20;40;8;34;2;9;12
8. 12. 2023;2023;49;37;2;8;32;28;3;6
5. 12. 2023;2023;49;49;26;16;11;6;2;9
1. 12. 2023;2023;48;23;32;38;45;49;1;9
28. 11. 2023;2023;48;36;13;23;11;12;8;3
24. 11. 2023;2023;47;16;39;34;27;33;7;2
21. 11. 2023;2023;47;22;38;21;9;20;3;12
17. 11. 2023;2023;46;14;28;4;20;15;9;7
14. 11. 2023;2023;46;30;9;48;38;34;2;3
10. 11. 2023;2023;45;29;17;1;22;31;5;6
7. 11. 2023;2023;45;26;43;49;47;36;4;7
3. 11. 2023;2023;44;6;21;39;23;31;1;5
31. 10. 2023;2023;44;34;48;21;6;15;1;5
27. 10. 2023;2023;43;20;15;13;40;6;2;8
24. 10. 2023;2023;43;14;40;35;5;47;3;1
20. 10. 2023;2023;42;34;16;11;46;22;5;2
17. 10. 2023;2023;42;6;42;8;49;50;5;3
13. 10. 2023;2023;41;16;23;41;30;37;2;9
10. 10. 2023;2023;41;12;7;43;21;8;4;11
6. 10. 2023;2023;40;18;40;17;43;50;9;11
3. 10. 2023;2023;40;28;29;31;47;13;9;8
29. 9. 2023;2023;39;24;14;48;45;29;9;3
26. 9. 2023;2023;39;23;38;24;44;42;10;1
22. 9. 2023;2023;38;44;45;31;14;24;7;11
19. 9. 2023;2023;38;39;38;8;26;18;4;12
15. 9. 2023;2023;37;8;36;31;10;3;3;2
12. 9. 2023;2023;37;50;5;45;43;13;10;1
8. 9. 2023;2023;36;31;21;49;46;29;6;5
5. 9. 2023;2023;36;15;13;11;9;25;4;9
1. 9. 2023;2023;35;27;1;23;13;16;10;11
29. 8. 2023;2023;35;39;20;42;14;18;9;6
25. 8. 2023;2023;34;11;27;5;2;38;12;10
22. 8. 2023;2023;34;46;8;47;41;40;11;3
18. 8. 2023;2023;33;2;16;28;22;46;8;4
15. 8. 2023;2023;33;41;23;21;12;26;5;6
11. 8. 2023;2023;32;35;38;36;1;39;3;10
8. 8. 2023;2023;32;25;37;6;12;31;9;6
4. 8. 2023;2023;31;19;38;3;32;17;7;6
1. 8. 2023;2023;31;2;44;38;9;40;11;5
28. 7. 2023;2023;30;10;16;49;34;36;3;7
25. 7. 2023;2023;30;9;39;11;20;3;2;3
21. 7. 2023;2023;29;16;38;22;41;7;5;9
18. 7. 2023;2023;29;40;16;43;24;14;1;5
14. 7. 2023;2023;28;50;2;31;12;4;8;6
11. 7. 2023;2023;28;15;46;17;11;24;2;11
7. 7. 2023;2023;27;41;40;20;18;9;9;3
4. 7. 2023;2023;27;36;23;39;21;19;12;5
30. 6. 2023;2023;26;14;3;43;41;23;6;2
27. 6. 2023;2023;26;7;10;47;13;34;5;9
23. 6. 2023;2023;25;2;23;18;39;3;8;6
20. 6. 2023;2023;25;18;34;30;48;9;7;1
16. 6. 2023;2023;24;36;19;42;33;5;7;12
13. 6. 2023;2023;24;47;29;32;46;11;5;7
9. 6. 2023;2023;23;13;46;8;24;35;8;6
6. 6. 2023;2023;23;22;7;29;21;5;10;3
2. 6. 2023;2023;22;8;9;50;13;11;11;6
30. 5. 2023;2023;22;8;2;16;21;39;4;5
26. 5. 2023;2023;21;47;1;3;29;45;5;8
23. 5. 2023;2023;21;1;36;2;11;14;2;3
19. 5. 2023;2023;20;5;1;35;20;8;12;3
16. 5. 2023;2023;20;30;46;28;45;31;4;8
12. 5. 2023;2023;19;34;10;32;27;30;5;8
9. 5. 2023;2023;19;34;11;39;6;29;2;3
5. 5. 2023;2023;18;30;33;18;17;35;8;6
2. 5. 2023;2023;18;23;11;12;26;13;12;11
28. 4. 2023;2023;17;4;35;30;8;9;6;7
25. 4. 2023;2023;17;24;40;21;12;28;3;1
21. 4. 2023;2023;16;41;13;16;45;5;3;6
18. 4. 2023;2023;16;35;28;42;16;31;2;10
14. 4. 2023;2023;15;7;11;21;20;29;6;11
11. 4. 2023;2023;15;37;5;42;19;33;9;7
7. 4. 2023;2023;14;16;32;28;48;36;10;5
4. 4. 2023;2023;14;15;1;24;33;19;7;8
31. 3. 2023;2023;13;37;11;31;44;10;12;5
28. 3. 2023;2023;13;6;12;44;37;36;1;11
24. 3. 2023;2023;12;43;6;21;26;23;9;3
21. 3. 2023;2023;12;13;47;44;8;16;6;8
17. 3. 2023;2023;11;5;29;21;18;45;1;6
14. 3. 2023;2023;11;48;34;16;32;9;6;2
10. 3. 2023;2023;10;17;39;22;46;6;12;5
7. 3. 2023;2023;10;4;12;11;42;16;3;5
3. 3. 2023;2023;09;48;1;37;46;18;7;3
28. 2. 2023;2023;09;38;27;6;49;20;9;3
24. 2. 2023;2023;08;1;5;18;20;12;7;6
21. 2. 2023;2023;08;34;20;38;43;13;6;3
17. 2. 2023;2023;07;21;5;12;15;39;3;4
14. 2. 2023;2023;07;6;14;45;1;2;2;7
10. 2. 2023;2023;06;42;10;20;36;3;8;10
7. 2. 2023;2023;06;37;10;15;46;25;7;12
3. 2. 2023;2023;05;1;44;17;7;50;10;2
31. 1. 2023;2023;05;43;20;30;41;21;11;10
27. 1. 2023;2023;04;4;29;34;9;37;3;12
24. 1. 2023;2023;04;9;31;27;17;16;1;9
20. 1. 2023;2023;03;12;31;47;15;1;10;9
17. 1. 2023;2023;03;16;6;35;11;44;6;2
13. 1. 2023;2023;02;7;41;34;49;14;9;4
10. 1. 2023;2023;02;27;41;9;45;16;4;1
6. 1. 2023;2023;01;47;50;28;14;31;7;12
3. 1. 2023;2023;01;37;28;31;29;50;4;5
30. 12. 2022;2022;52;3;47;50;37;45;5;10
27. 12. 2022;2022;52;34;44;28;33;37;4;11
23. 12. 2022;2022;51;9;44;34;35;42;11;6
20. 12. 2022;2022;51;6;11;43;49;26;5;8
16. 12. 2022;2022;50;47;20;9;14;15;8;12
13. 12. 2022;2022;50;36;33;3;13;47;11;3
9. 12. 2022;2022;49;13;6;32;21;8;3;6
6. 12. 2022;2022;49;47;12;37;8;44;10;7
2. 12. 2022;2022;48;49;48;25;12;6;11;12
29. 11. 2022;2022;48;32;46;37;9;16;7;12
25. 11. 2022;2022;47;8;48;6;42;4;6;11
22. 11. 2022;2022;47;23;20;11;37;46;9;11
18. 11. 2022;2022;46;28;13;14;25;42;12;11
15. 11. 2022;2022;46;7;1;48;33;11;9;12
11. 11. 2022;2022;45;28;11;15;24;41;12;3
8. 11. 2022;2022;45;38;17;35;23;15;9;4
4. 11. 2022;2022;44;40;9;7;48;49;7;8
1. 11. 2022;2022;44;39;44;32;18;42;7;4
28. 10. 2022;2022;43;21;30;4;5;43;5;11
25. 10. 2022;2022;43;17;39;26;37;35;4;3
21. 10. 2022;2022;42;2;11;49;47;18;2;7
18. 10. 2022;2022;42;50;34;18;13;24;6;5
14. 10. 2022;2022;41;10;44;5;8;3;12;7
11. 10. 2022;2022;41;36;47;39;7;35;8;3
7. 10. 2022;2022;40;30;16;17;35;26;3;9
4. 10. 2022;2022;40;48;49;17;42;43;3;7
30. 9. 2022;2022;39;17;15;8;12;46;8;1
27. 9. 2022;2022;39;44;31;26;15;23;1;8
23. 9. 2022;2022;38;39;20;38;30;44;12;2
20. 9. 2022;2022;38;36;2;40;13;22;3;5
16. 9. 2022;2022;37;41;16;27;45;25;3;9
13. 9. 2022;2022;37;40;20;22;34;26;12;8
9. 9. 2022;2022;36;26;43;18;9;41;9;4
6. 9. 2022;2022;36;10;38;6;11;20;3;9
2. 9. 2022;2022;35;11;22;5;2;24;12;7
30. 8. 2022;2022;35;45;18;27;49;41;9;7
26. 8. 2022;2022;34;37;6;2;18;29;10;12
23. 8. 2022;2022;34;9;21;39;2;18;4;10
19. 8. 2022;2022;33;13;32;41;4;39;6;8
16. 8. 2022;2022;33;17;32;34;4;49;4;9
12. 8. 2022;2022;32;14;46;38;32;34;2;5
9. 8. 2022;2022;32;36;40;44;26;23;5;10
5. 8. 2022;2022;31;31;49;10;17;12;8;2
2. 8. 2022;2022;31;40;39;47;6;11;8;7
29. 7. 2022;2022;30;26;29;46;50;14;11;10
26. 7. 2022;2022;30;2;7;1;24;25;2;5
22. 7. 2022;2022;29;1;17;19;11;33;7;3
19. 7. 2022;2022;29;23;37;43;24;20;10;9
15. 7. 2022;2022;28;9;19;16;32;11;3;5
12. 7. 2022;2022;28;30;3;26;16;47;2;1
8. 7. 2022;2022;27;10;36;30;6;22;10;8
5. 7. 2022;2022;27;28;16;43;7;36;11;2
1. 7. 2022;2022;26;34;4;24;10;35;8;7
28. 6. 2022;2022;26;50;23;29;10;2;3;10
24. 6. 2022;2022;25;30;13;48;35;24;5;4
21. 6. 2022;2022;25;6;29;10;17;49;5;2
17. 6. 2022;2022;24;45;2;1;23;43;1;9
14. 6. 2022;2022;24;28;30;35;11;50;7;8
10. 6. 2022;2022;23;23;46;21;28;3;12;10
7. 6. 2022;2022;23;49;7;48;5;45;3;8
3. 6. 2022;2022;22;41;27;4;39;22;9;1
31. 5. 2022;2022;22;50;14;39;30;37;4;12
27. 5. 2022;2022;21;29;48;8;41;26;5;3
24. 5. 2022;2022;21;45;26;40;25;47;4;5
20. 5. 2022;2022;20;47;32;22;4;28;2;1
17. 5. 2022;2022;20;2;41;13;45;50;2;3
13. 5. 2022;2022;19;30;13;43;7;47;11;7
10. 5. 2022;2022;19;3;7;50;34;43;10;5
6. 5. 2022;2022;18;49;6;5;39;50;12;10
3. 5. 2022;2022;18;6;22;13;24;30;5;10
29. 4. 2022;2022;17;18;17;5;34;6;1;11
26. 4. 2022;2022;17;41;49;10;27;32;9;1
22. 4. 2022;2022;16;28;18;50;2;42;11;2
19. 4. 2022;2022;16;7;17;35;3;15;3;4
15. 4. 2022;2022;15;5;10;24;2;20;7;4
12. 4. 2022;2022;15;24;41;20;19;36;4;5
8. 4. 2022;2022;14;48;2;26;45;41;12;5
5. 4. 2022;2022;14;28;48;38;10;9;8;12
1. 4. 2022;2022;13;37;49;8;7;35;8;5
29. 3. 2022;2022;13;18;24;39;10;15;11;2
25. 3. 2022;2022;12;46;11;35;31;20;6;10
18. 3. 2022;2022;11;1;38;33;43;8;6;2
11. 3. 2022;2022;10;5;31;49;46;39;9;8
4. 3. 2022;2022;09;17;1;36;49;20;6;9
25. 2. 2022;2022;08;41;4;34;43;19;1;5
18. 2. 2022;2022;07;29;10;32;25;5;7;4
11. 2. 2022;2022;06;42;37;5;10;26;3;10
4. 2. 2022;2022;05;12;27;18;33;41;10;9
28. 1. 2022;2022;04;21;5;29;35;23;7;9
21. 1. 2022;2022;03;5;29;9;2;32;2;4
14. 1. 2022;2022;02;15;41;9;44;27;4;2
7. 1. 2022;2022;01;47;23;21;17;8;6;2
31. 12. 2021;2021;52;43;36;42;7;16;6;8
24. 12. 2021;2021;51;42;17;21;35;3;9;8
17. 12. 2021;2021;50;16;50;8;44;6;10;1
10. 12. 2021;2021;49;8;34;30;48;9;8;5
3. 12. 2021;2021;48;2;5;23;13;15;8;6
26. 11. 2021;2021;47;17;7;37;39;21;5;3
19. 11. 2021;2021;46;21;6;12;34;20;5;4
12. 11. 2021;2021;45;4;44;46;30;43;3;1
5. 11. 2021;2021;44;13;25;6;49;31;2;7
29. 10. 2021;2021;43;44;38;11;23;37;4;8
22. 10. 2021;2021;42;33;38;15;43;34;3;7
15. 10. 2021;2021;41;25;8;6;21;2;6;9
8. 10. 2021;2021;40;46;20;28;32;38;6;8
1. 10. 2021;2021;39;33;34;37;20;39;8;4
24. 9. 2021;2021;38;38;49;22;12;35;10;5
17. 9. 2021;2021;37;20;27;17;14;32;7;3
10. 9. 2021;2021;36;42;14;18;2;23;10;5
3. 9. 2021;2021;35;5;9;20;44;48;4;10
27. 8. 2021;2021;34;42;22;19;20;25;6;4
20. 8. 2021;2021;33;34;8;36;31;45;10;8
13. 8. 2021;2021;32;46;31;39;4;43;4;1
6. 8. 2021;2021;31;21;16;29;19;36;7;1
30. 7. 2021;2021;30;5;43;14;44;39;6;1
23. 7. 2021;2021;29;13;48;42;33;50;3;9
16. 7. 2021;2021;28;14;9;39;37;24;4;9
9. 7. 2021;2021;27;31;8;14;15;20;9;8
2. 7. 2021;2021;26;25;10;5;31;4;4;6
25. 6. 2021;2021;25;30;4;22;47;17;1;8
18. 6. 2021;2021;24;44;49;14;46;11;10;7
11. 6. 2021;2021;23;23;8;20;50;48;8;9
4. 6. 2021;2021;22;49;26;13;50;17;7;1
28. 5. 2021;2021;21;15;37;43;35;26;8;3
21. 5. 2021;2021;20;39;2;33;15;12;9;4
14. 5. 2021;2021;19;42;50;29;15;1;6;3
7. 5. 2021;2021;18;27;7;19;3;29;7;10
30. 4. 2021;2021;17;43;27;34;40;23;5;7
23. 4. 2021;2021;16;6;3;11;14;49;5;1
16. 4. 2021;2021;15;31;28;12;20;19;6;9
9. 4. 2021;2021;14;32;18;23;29;11;3;7
2. 4. 2021;2021;13;1;43;36;3;4;2;3
26. 3. 2021;2021;12;41;44;7;38;50;8;1
19. 3. 2021;2021;11;19;37;3;34;11;8;9
12. 3. 2021;2021;10;26;11;34;6;18;8;5
5. 3. 2021;2021;09;23;40;9;42;34;1;4
26. 2. 2021;2021;08;32;24;3;29;13;1;7
19. 2. 2021;2021;07;35;27;36;38;41;7;5
12. 2. 2021;2021;06;27;18;24;44;15;7;2
5. 2. 2021;2021;05;33;46;3;16;2;10;2
29. 1. 2021;2021;04;30;16;36;43;33;4;8
22. 1. 2021;2021;03;40;41;38;48;46;6;2
15. 1. 2021;2021;02;19;46;10;32;36;6;4
8. 1. 2021;2021;01;22;25;50;8;38;9;8
1. 1. 2021;2020;53;36;43;17;38;46;6;4
25. 12. 2020;2020;52;7;26;42;10;19;9;1
18. 12. 2020;2020;51;4;17;28;50;27;5;8
11. 12. 2020;2020;50;49;13;15;4;41;9;1
4. 12. 2020;2020;49;40;41;27;1;37;7;10
27. 11. 2020;2020;48;25;22;2;30;1;10;5
20. 11. 2020;2020;47;50;20;34;49;18;7;8
13. 11. 2020;2020;46;38;37;5;17;21;4;1
6. 11. 2020;2020;45;12;5;50;47;26;3;2
30. 10. 2020;2020;44;39;33;19;11;24;1;4
23. 10. 2020;2020;43;23;17;21;37;45;9;7
16. 10. 2020;2020;42;11;35;50;44;5;4;10
9. 10. 2020;2020;41;23;17;29;11;1;8;1
2. 10. 2020;2020;40;39;49;15;34;19;7;2
25. 9. 2020;2020;39;1;7;9;46;29;9;10
18. 9. 2020;2020;38;40;7;14;12;42;7;8
11. 9. 2020;2020;37;5;2;45;43;24;10;4
4. 9. 2020;2020;36;5;23;49;38;28;3;9
28. 8. 2020;2020;35;22;41;8;38;11;4;7
21. 8. 2020;2020;34;26;27;49;30;46;2;1
14. 8. 2020;2020;33;35;9;48;27;20;9;5
7. 8. 2020;2020;32;28;24;15;9;4;2;6
31. 7. 2020;2020;31;3;19;43;28;49;3;2
24. 7. 2020;2020;30;7;11;43;19;32;2;8
17. 7. 2020;2020;29;13;21;25;35;34;5;10
10. 7. 2020;2020;28;5;9;6;29;15;4;9
3. 7. 2020;2020;27;12;36;48;34;47;7;5
26. 6. 2020;2020;26;47;34;14;32;16;7;9
19. 6. 2020;2020;25;38;47;33;2;22;9;2
12. 6. 2020;2020;24;7;22;30;48;16;8;2
5. 6. 2020;2020;23;29;39;9;16;17;1;8
29. 5. 2020;2020;22;22;31;36;8;32;6;10
22. 5. 2020;2020;21;15;40;32;45;12;7;10
15. 5. 2020;2020;20;34;49;29;21;27;8;10
8. 5. 2020;2020;19;11;15;36;9;43;9;8
1. 5. 2020;2020;18;21;11;41;6;12;2;1
24. 4. 2020;2020;17;35;13;34;6;15;5;1
17. 4. 2020;2020;16;33;41;1;18;23;6;2
10. 4. 2020;2020;15;43;50;2;8;7;3;2
3. 4. 2020;2020;14;3;41;26;40;21;8;10
27. 3. 2020;2020;13;41;13;34;23;19;3;8
20. 3. 2020;2020;12;30;37;28;14;9;10;3
13. 3. 2020;2020;11;17;1;39;29;42;7;8
6. 3. 2020;2020;10;35;36;41;19;15;5;10
28. 2. 2020;2020;09;38;12;22;24;29;5;6
21. 2. 2020;2020;08;47;39;45;13;2;4;6
14. 2. 2020;2020;07;30;49;2;6;32;4;1
7. 2. 2020;2020;06;44;7;22;16;36;3;4
31. 1. 2020;2020;05;39;12;1;23;7;4;3
24. 1. 2020;2020;04;5;29;48;20;12;7;9
17. 1. 2020;2020;03;49;1;45;32;23;10;5
10. 1. 2020;2020;02;4;25;49;34;14;9;4
3. 1. 2020;2020;01;35;41;6;30;27;5;4
27. 12. 2019;2019;52;28;45;7;34;12;6;3
20. 12. 2019;2019;51;22;35;12;20;21;4;10
13. 12. 2019;2019;50;25;31;49;38;50;5;10
6. 12. 2019;2019;49;8;14;30;23;45;1;9
29. 11. 2019;2019;48;31;2;30;45;3;8;6
22. 11. 2019;2019;47;3;24;12;37;38;3;7
15. 11. 2019;2019;46;24;30;39;10;19;4;2
8. 11. 2019;2019;45;49;39;14;23;20;10;4
1. 11. 2019;2019;44;17;40;31;3;34;2;1
25. 10. 2019;2019;43;34;2;30;45;35;1;2
18. 10. 2019;2019;42;44;9;6;43;31;6;9
11. 10. 2019;2019;41;44;39;8;12;13;4;9
4. 10. 2019;2019;40;15;19;20;45;49;8;7
27. 9. 2019;2019;39;34;21;24;47;26;6;4
20. 9. 2019;2019;38;21;48;17;49;41;8;4
13. 9. 2019;2019;37;22;33;21;47;3;9;2
6. 9. 2019;2019;36;29;21;24;30;50;1;5
30. 8. 2019;2019;35;35;10;46;18;32;10;3
23. 8. 2019;2019;34;19;18;15;41;42;6;4
16. 8. 2019;2019;33;20;44;42;7;35;7;3
9. 8. 2019;2019;32;4;49;20;21;2;9;10
2. 8. 2019;2019;31;6;41;38;44;11;9;10
26. 7. 2019;2019;30;46;8;30;3;48;1;3
19. 7. 2019;2019;29;47;32;45;49;31;9;7
12. 7. 2019;2019;28;36;31;40;45;42;7;9
5. 7. 2019;2019;27;50;1;48;15;34;10;6
28. 6. 2019;2019;26;38;18;26;25;35;6;5
21. 6. 2019;2019;25;45;41;20;37;27;1;7
14. 6. 2019;2019;24;42;40;41;8;23;10;2
7. 6. 2019;2019;23;8;20;7;38;35;9;5
31. 5. 2019;2019;22;10;35;12;36;43;5;2
24. 5. 2019;2019;21;50;47;38;26;8;3;7
17. 5. 2019;2019;20;27;33;20;46;35;9;5
10. 5. 2019;2019;19;29;15;7;19;5;8;3
3. 5. 2019;2019;18;19;3;42;10;9;1;7
26. 4. 2019;2019;17;1;11;17;38;6;8;4
19. 4. 2019;2019;16;43;47;18;37;21;3;1
12. 4. 2019;2019;15;16;30;14;21;37;8;4
5. 4. 2019;2019;14;31;22;50;43;44;9;1
29. 3. 2019;2019;13;42;15;24;9;4;8;9
22. 3. 2019;2019;12;24;20;49;44;15;9;7
15. 3. 2019;2019;11;19;2;11;1;47;7;2
8. 3. 2019;2019;10;29;45;4;30;31;7;1
1. 3. 2019;2019;09;24;7;19;18;16;1;6
22. 2. 2019;2019;08;26;25;14;21;16;10;8
15. 2. 2019;2019;07;30;24;31;1;47;7;9
8. 2. 2019;2019;06;26;21;24;5;8;5;4
1. 2. 2019;2019;05;6;45;47;38;29;2;3
25. 1. 2019;2019;04;24;35;28;48;25;8;4
18. 1. 2019;2019;03;2;9;36;47;23;9;2
11. 1. 2019;2019;02;49;35;6;39;12;9;4
4. 1. 2019;2019;01;25;3;32;10;43;3;1
28. 12. 2018;2018;52;38;31;24;40;19;10;7
21. 12. 2018;2018;51;20;34;49;16;3;10;2
14. 12. 2018;2018;50;30;24;26;4;14;10;9
7. 12. 2018;2018;49;16;42;31;4;21;6;4
30. 11. 2018;2018;48;18;22;35;41;36;3;4
23. 11. 2018;2018;47;46;28;22;31;17;5;10
16. 11. 2018;2018;46;45;13;15;18;39;5;6
9. 11. 2018;2018;45;8;46;32;34;49;3;5
2. 11. 2018;2018;44;5;42;33;17;27;9;10
26. 10. 2018;2018;43;44;18;19;33;38;4;10
19. 10. 2018;2018;42;9;48;32;12;28;7;8
12. 10. 2018;2018;41;26;50;42;31;6;2;9
5. 10. 2018;2018;40;32;12;44;49;15;5;7
28. 9. 2018;2018;39;40;3;18;8;13;6;10
21. 9. 2018;2018;38;8;16;42;46;5;2;10
14. 9. 2018;2018;37;49;33;35;24;46;9;5
7. 9. 2018;2018;36;28;36;4;43;7;1;6
31. 8. 2018;2018;35;24;6;9;18;3;7;2
24. 8. 2018;2018;34;26;25;8;48;38;6;9
17. 8. 2018;2018;33;12;2;43;44;32;3;4
10. 8. 2018;2018;32;4;17;21;15;23;6;7
3. 8. 2018;2018;31;25;31;12;4;8;8;7
27. 7. 2018;2018;30;40;50;43;2;22;8;3
20. 7. 2018;2018;29;43;33;42;40;13;9;7
13. 7. 2018;2018;28;13;46;34;14;21;5;2
6. 7. 2018;2018;27;38;7;45;24;2;5;8
29. 6. 2018;2018;26;47;18;30;9;48;4;6
22. 6. 2018;2018;25;16;35;33;24;43;6;7
15. 6. 2018;2018;24;21;9;5;7;1;3;10
8. 6. 2018;2018;23;39;5;22;13;36;10;9
1. 6. 2018;2018;22;14;21;19;30;32;7;4
25. 5. 2018;2018;21;15;46;40;31;35;8;3
18. 5. 2018;2018;20;23;1;11;41;44;2;8
11. 5. 2018;2018;19;37;17;39;14;3;10;5
4. 5. 2018;2018;18;26;49;24;29;36;3;6
27. 4. 2018;2018;17;33;21;9;32;31;9;10
20. 4. 2018;2018;16;46;22;25;28;24;4;2
13. 4. 2018;2018;15;25;10;3;34;21;7;10
6. 4. 2018;2018;14;16;8;23;50;6;4;8
30. 3. 2018;2018;13;15;5;29;32;17;7;5
23. 3. 2018;2018;12;4;14;42;22;33;1;10
16. 3. 2018;2018;11;37;27;48;49;4;3;4
9. 3. 2018;2018;10;23;28;15;33;36;7;4
2. 3. 2018;2018;09;27;16;20;46;18;3;5
23. 2. 2018;2018;08;26;46;18;42;33;10;4
16. 2. 2018;2018;07;4;19;25;8;44;10;9
9. 2. 2018;2018;06;46;8;24;34;7;8;4
2. 2. 2018;2018;05;15;29;41;24;33;7;8
26. 1. 2018;2018;04;23;29;10;26;35;5;3
19. 1. 2018;2018;03;47;45;3;9;17;4;9
12. 1. 2018;2018;02;25;17;16;40;44;9;2
5. 1. 2018;2018;01;40;2;38;45;7;10;7
29. 12. 2017;2017;52;16;43;40;33;30;2;4
22. 12. 2017;2017;51;32;16;40;26;47;1;6
15. 12. 2017;2017;50;18;12;16;7;1;4;1
8. 12. 2017;2017;49;9;20;24;34;15;5;1
1. 12. 2017;2017;48;5;29;20;16;30;2;7
24. 11. 2017;2017;47;11;22;43;18;16;7;8
17. 11. 2017;2017;46;4;3;41;47;17;5;2
10. 11. 2017;2017;45;14;17;1;50;24;9;8
3. 11. 2017;2017;44;35;2;45;50;44;6;7
27. 10. 2017;2017;43;23;29;50;2;20;4;5
20. 10. 2017;2017;42;10;25;46;1;49;6;1
13. 10. 2017;2017;41;9;44;46;40;43;1;8
6. 10. 2017;2017;40;28;44;40;17;5;8;1
29. 9. 2017;2017;39;15;12;2;44;29;10;7
22. 9. 2017;2017;38;17;47;36;32;10;5;2
15. 9. 2017;2017;37;47;33;15;22;29;3;7
8. 9. 2017;2017;36;40;48;42;38;11;5;4
1. 9. 2017;2017;35;19;3;9;4;28;7;1
25. 8. 2017;2017;34;28;20;45;41;11;9;5
18. 8. 2017;2017;33;32;4;20;34;1;6;3
11. 8. 2017;2017;32;40;21;13;23;14;1;3
4. 8. 2017;2017;31;39;44;46;47;18;4;6
28. 7. 2017;2017;30;40;45;26;14;18;1;5
21. 7. 2017;2017;29;27;36;38;35;48;2;3
14. 7. 2017;2017;28;49;3;9;25;31;9;8
7. 7. 2017;2017;27;15;17;30;16;23;9;6
30. 6. 2017;2017;26;11;31;1;3;18;6;3
23. 6. 2017;2017;25;6;14;27;35;19;2;4
16. 6. 2017;2017;24;31;24;38;1;25;7;1
9. 6. 2017;2017;23;13;24;47;17;20;8;5
2. 6. 2017;2017;22;4;17;46;2;20;1;8
26. 5. 2017;2017;21;11;13;3;23;15;1;9
19. 5. 2017;2017;20;41;33;22;50;46;6;2
12. 5. 2017;2017;19;31;14;7;46;35;2;1
5. 5. 2017;2017;18;41;11;42;23;8;8;6
28. 4. 2017;2017;17;3;38;45;39;41;5;3
21. 4. 2017;2017;16;49;44;27;31;46;6;8
14. 4. 2017;2017;15;49;6;46;22;33;1;5
7. 4. 2017;2017;14;46;45;27;43;10;8;4
31. 3. 2017;2017;13;44;14;8;40;34;1;7
24. 3. 2017;2017;12;25;30;44;36;26;3;9
17. 3. 2017;2017;11;38;25;3;45;16;8;7
10. 3. 2017;2017;10;18;20;35;13;46;7;8
3. 3. 2017;2017;09;7;3;16;18;25;10;2
24. 2. 2017;2017;08;13;19;7;20;1;8;6
17. 2. 2017;2017;07;40;49;19;7;18;5;6
10. 2. 2017;2017;06;13;23;44;31;42;2;5
3. 2. 2017;2017;05;39;47;5;17;4;3;4
27. 1. 2017;2017;04;15;12;29;19;48;7;9
20. 1. 2017;2017;03;40;23;5;25;35;5;8
13. 1. 2017;2017;02;45;2;26;44;21;1;6
6. 1. 2017;2017;01;14;27;7;23;35;3;5
30. 12. 2016;2016;52;27;30;50;47;45;9;1
23. 12. 2016;2016;51;46;13;27;42;30;4;3
16. 12. 2016;2016;50;2;34;25;24;3;6;8
9. 12. 2016;2016;49;29;17;44;12;50;2;10
2. 12. 2016;2016;48;39;48;1;20;50;3;7
25. 11. 2016;2016;47;19;45;49;34;28;1;6
18. 11. 2016;2016;46;16;7;40;10;32;6;1
11. 11. 2016;2016;45;42;18;47;16;1;6;8
4. 11. 2016;2016;44;15;16;50;22;14;2;10
28. 10. 2016;2016;43;12;4;6;13;1;1;6
21. 10. 2016;2016;42;28;35;14;16;34;3;9
14. 10. 2016;2016;41;42;10;25;7;39;3;6
7. 10. 2016;2016;40;1;43;20;44;10;9;6
30. 9. 2016;2016;39;39;4;44;29;28;10;8
23. 9. 2016;2016;38;1;45;7;25;23;8;5
16. 9. 2016;2016;37;28;30;15;37;43;5;2
9. 9. 2016;2016;36;11;27;35;34;39;10;6
2. 9. 2016;2016;35;30;28;15;50;42;8;1
26. 8. 2016;2016;34;9;33;4;8;43;5;9
19. 8. 2016;2016;33;46;22;33;43;42;10;6
12. 8. 2016;2016;32;15;6;38;21;18;4;1
5. 8. 2016;2016;31;11;12;40;5;30;5;2
29. 7. 2016;2016;30;22;8;36;4;44;5;10
22. 7. 2016;2016;29;14;26;20;6;46;4;2
15. 7. 2016;2016;28;12;38;36;50;22;9;2
8. 7. 2016;2016;27;31;21;4;42;19;5;10
1. 7. 2016;2016;26;50;47;37;29;38;2;4
24. 6. 2016;2016;25;24;19;48;21;41;6;1
17. 6. 2016;2016;24;44;16;23;18;19;3;1
10. 6. 2016;2016;23;12;26;28;37;11;10;8
3. 6. 2016;2016;22;13;32;20;47;34;6;9
27. 5. 2016;2016;21;4;48;33;10;26;5;9
20. 5. 2016;2016;20;6;23;19;33;34;7;4
13. 5. 2016;2016;19;39;7;6;36;40;10;1
6. 5. 2016;2016;18;45;24;46;12;38;10;6
29. 4. 2016;2016;17;24;10;40;14;20;2;10
22. 4. 2016;2016;16;31;5;33;49;28;2;1
15. 4. 2016;2016;15;39;46;1;17;5;6;7
8. 4. 2016;2016;14;16;1;2;31;50;7;1
1. 4. 2016;2016;13;40;49;6;21;12;10;8
25. 3. 2016;2016;12;35;9;19;20;10;4;3
18. 3. 2016;2016;11;20;10;50;35;47;7;4
11. 3. 2016;2016;10;10;31;16;40;37;9;3
4. 3. 2016;2016;09;13;2;10;5;28;10;3
26. 2. 2016;2016;08;19;45;11;42;9;7;10
19. 2. 2016;2016;07;49;12;29;10;28;4;3
12. 2. 2016;2016;06;33;21;7;41;20;2;1
5. 2. 2016;2016;05;37;25;35;43;10;5;8
29. 1. 2016;2016;04;42;40;3;32;20;4;9
22. 1. 2016;2016;03;19;3;26;36;29;4;9
15. 1. 2016;2016;02;23;25;4;39;37;9;1
8. 1. 2016;2016;01;47;1;2;24;5;8;3
1. 1. 2016;2015;53;14;35;45;11;44;5;6
25. 12. 2015;2015;52;8;36;33;34;9;9;3
18. 12. 2015;2015;51;11;27;19;32;42;9;5
11. 12. 2015;2015;50;36;37;49;39;34;10;8
4. 12. 2015;2015;49;16;34;14;26;38;8;2
27. 11. 2015;2015;48;2;26;49;13;7;3;4
20. 11. 2015;2015;47;1;36;31;18;20;5;9
13. 11. 2015;2015;46;23;49;27;19;26;10;3
6. 11. 2015;2015;45;22;24;4;2;8;3;9
30. 10. 2015;2015;44;5;15;16;37;36;5;3
23. 10. 2015;2015;43;16;36;34;49;18;8;6
16. 10. 2015;2015;42;38;11;19;42;46;3;9
9. 10. 2015;2015;41;26;23;14;31;13;3;9
2. 10. 2015;2015;40;39;7;9;28;47;8;2
25. 9. 2015;2015;39;5;13;3;16;30;6;3
18. 9. 2015;2015;38;3;48;41;13;7;1;7
11. 9. 2015;2015;37;31;30;7;22;27;7;5
4. 9. 2015;2015;36;12;23;46;41;37;3;7
28. 8. 2015;2015;35;8;5;34;46;33;8;3
21. 8. 2015;2015;34;13;20;39;40;42;3;9
14. 8. 2015;2015;33;28;41;1;7;27;2;6
7. 8. 2015;2015;32;15;49;1;22;9;4;7
31. 7. 2015;2015;31;24;11;49;19;46;1;5
24. 7. 2015;2015;30;6;30;12;15;20;3;6
17. 7. 2015;2015;29;37;21;30;6;44;1;3
10. 7. 2015;2015;28;35;47;12;36;39;3;6
3. 7. 2015;2015;27;40;45;31;1;41;5;9
26. 6. 2015;2015;26;27;14;28;35;47;1;8
19. 6. 2015;2015;25;21;12;14;39;20;10;5
12. 6. 2015;2015;24;27;23;17;30;39;6;8
5. 6. 2015;2015;23;40;19;41;50;38;5;1
29. 5. 2015;2015;22;16;38;28;6;1;1;6
22. 5. 2015;2015;21;24;23;50;39;8;5;1
15. 5. 2015;2015;20;38;12;14;46;18;9;10
8. 5. 2015;2015;19;31;19;46;40;32;9;8
1. 5. 2015;2015;18;25;50;30;8;24;4;6
24. 4. 2015;2015;17;33;27;17;46;4;3;9
17. 4. 2015;2015;16;20;13;5;33;6;8;3
10. 4. 2015;2015;15;18;1;26;40;47;3;4
3. 4. 2015;2015;14;34;48;37;43;5;4;2
27. 3. 2015;2015;13;31;33;50;3;26;3;9
20. 3. 2015;2015;12;9;13;38;11;35;7;5
13. 3. 2015;2015;11;39;10;25;1;44;1;2
6. 3. 2015;2015;10;16;32;9;17;20;2;3
27. 2. 2015;2015;09;30;9;49;28;43;10;8
20. 2. 2015;2015;08;18;29;16;44;1;7;2
13. 2. 2015;2015;07;14;48;46;3;7;6;9
6. 2. 2015;2015;06;22;19;37;3;39;10;5
30. 1. 2015;2015;05;4;3;11;8;41;2;8
23. 1. 2015;2015;04;30;2;32;14;13;3;1
16. 1. 2015;2015;03;4;48;1;14;32;5;6
9. 1. 2015;2015;02;41;27;19;20;13;9;5
2. 1. 2015;2015;01;48;38;29;42;16;5;6
26. 12. 2014;2014;52;39;2;30;43;21;5;7
19. 12. 2014;2014;51;10;25;49;11;32;5;9
12. 12. 2014;2014;50;15;1;8;37;19;7;9
5. 12. 2014;2014;49;11;32;25;47;42;4;9
28. 11. 2014;2014;48;6;35;18;16;29;9;6
21. 11. 2014;2014;47;43;4;35;41;18;4;5
14. 11. 2014;2014;46;49;25;41;45;22;5;2
7. 11. 2014;2014;45;5;35;33;25;13;8;4
31. 10. 2014;2014;44;3;27;7;43;46;3;8
24. 10. 2014;2014;43;37;26;22;15;3;2;4
17. 10. 2014;2014;42;24;27;35;14;39;7;8
10. 10. 2014;2014;41;17;22;20;11;29;6;4
